--
-- PostgreSQL database dump
--

-- Dumped from database version 12.17 (Ubuntu 12.17-1.pgdg22.04+1)
-- Dumped by pg_dump version 12.17 (Ubuntu 12.17-1.pgdg22.04+1)

SET statement_timeout = 0;
SET lock_timeout = 0;
SET idle_in_transaction_session_timeout = 0;
SET client_encoding = 'UTF8';
SET standard_conforming_strings = on;
SELECT pg_catalog.set_config('search_path', '', false);
SET check_function_bodies = false;
SET xmloption = content;
SET client_min_messages = warning;
SET row_security = off;

DROP DATABASE universe;
--
-- Name: universe; Type: DATABASE; Schema: -; Owner: freecodecamp
--

CREATE DATABASE universe WITH TEMPLATE = template0 ENCODING = 'UTF8' LC_COLLATE = 'C.UTF-8' LC_CTYPE = 'C.UTF-8';


ALTER DATABASE universe OWNER TO freecodecamp;

\connect universe

SET statement_timeout = 0;
SET lock_timeout = 0;
SET idle_in_transaction_session_timeout = 0;
SET client_encoding = 'UTF8';
SET standard_conforming_strings = on;
SELECT pg_catalog.set_config('search_path', '', false);
SET check_function_bodies = false;
SET xmloption = content;
SET client_min_messages = warning;
SET row_security = off;

SET default_tablespace = '';

SET default_table_access_method = heap;

--
-- Name: constellation; Type: TABLE; Schema: public; Owner: freecodecamp
--

CREATE TABLE public.constellation (
    constellation_id integer NOT NULL,
    name character varying(100) NOT NULL,
    abbreviation character varying(3) NOT NULL
);


ALTER TABLE public.constellation OWNER TO freecodecamp;

--
-- Name: constellation_constellation_id_seq; Type: SEQUENCE; Schema: public; Owner: freecodecamp
--

CREATE SEQUENCE public.constellation_constellation_id_seq
    AS integer
    START WITH 1
    INCREMENT BY 1
    NO MINVALUE
    NO MAXVALUE
    CACHE 1;


ALTER TABLE public.constellation_constellation_id_seq OWNER TO freecodecamp;

--
-- Name: constellation_constellation_id_seq; Type: SEQUENCE OWNED BY; Schema: public; Owner: freecodecamp
--

ALTER SEQUENCE public.constellation_constellation_id_seq OWNED BY public.constellation.constellation_id;


--
-- Name: galaxy; Type: TABLE; Schema: public; Owner: freecodecamp
--

CREATE TABLE public.galaxy (
    galaxy_id integer NOT NULL,
    name character varying(30) NOT NULL,
    description text,
    constellation character varying(100),
    type character varying(100),
    is_active_study boolean
);


ALTER TABLE public.galaxy OWNER TO freecodecamp;

--
-- Name: galaxy_galaxy_id_seq; Type: SEQUENCE; Schema: public; Owner: freecodecamp
--

CREATE SEQUENCE public.galaxy_galaxy_id_seq
    AS integer
    START WITH 1
    INCREMENT BY 1
    NO MINVALUE
    NO MAXVALUE
    CACHE 1;


ALTER TABLE public.galaxy_galaxy_id_seq OWNER TO freecodecamp;

--
-- Name: galaxy_galaxy_id_seq; Type: SEQUENCE OWNED BY; Schema: public; Owner: freecodecamp
--

ALTER SEQUENCE public.galaxy_galaxy_id_seq OWNED BY public.galaxy.galaxy_id;


--
-- Name: moon; Type: TABLE; Schema: public; Owner: freecodecamp
--

CREATE TABLE public.moon (
    moon_id integer NOT NULL,
    name character varying(30) NOT NULL,
    planet_id integer NOT NULL,
    size integer,
    orbital_period numeric(10,3)
);


ALTER TABLE public.moon OWNER TO freecodecamp;

--
-- Name: moon_moon_id_seq; Type: SEQUENCE; Schema: public; Owner: freecodecamp
--

CREATE SEQUENCE public.moon_moon_id_seq
    AS integer
    START WITH 1
    INCREMENT BY 1
    NO MINVALUE
    NO MAXVALUE
    CACHE 1;


ALTER TABLE public.moon_moon_id_seq OWNER TO freecodecamp;

--
-- Name: moon_moon_id_seq; Type: SEQUENCE OWNED BY; Schema: public; Owner: freecodecamp
--

ALTER SEQUENCE public.moon_moon_id_seq OWNED BY public.moon.moon_id;


--
-- Name: moon_planet_id_seq; Type: SEQUENCE; Schema: public; Owner: freecodecamp
--

CREATE SEQUENCE public.moon_planet_id_seq
    AS integer
    START WITH 1
    INCREMENT BY 1
    NO MINVALUE
    NO MAXVALUE
    CACHE 1;


ALTER TABLE public.moon_planet_id_seq OWNER TO freecodecamp;

--
-- Name: moon_planet_id_seq; Type: SEQUENCE OWNED BY; Schema: public; Owner: freecodecamp
--

ALTER SEQUENCE public.moon_planet_id_seq OWNED BY public.moon.planet_id;


--
-- Name: planet; Type: TABLE; Schema: public; Owner: freecodecamp
--

CREATE TABLE public.planet (
    planet_id integer NOT NULL,
    name character varying(30) NOT NULL,
    moons integer,
    star_id integer NOT NULL,
    size numeric(10,2),
    has_moon boolean DEFAULT false
);


ALTER TABLE public.planet OWNER TO freecodecamp;

--
-- Name: planet_planet_id_seq; Type: SEQUENCE; Schema: public; Owner: freecodecamp
--

CREATE SEQUENCE public.planet_planet_id_seq
    AS integer
    START WITH 1
    INCREMENT BY 1
    NO MINVALUE
    NO MAXVALUE
    CACHE 1;


ALTER TABLE public.planet_planet_id_seq OWNER TO freecodecamp;

--
-- Name: planet_planet_id_seq; Type: SEQUENCE OWNED BY; Schema: public; Owner: freecodecamp
--

ALTER SEQUENCE public.planet_planet_id_seq OWNED BY public.planet.planet_id;


--
-- Name: planet_star_id_seq; Type: SEQUENCE; Schema: public; Owner: freecodecamp
--

CREATE SEQUENCE public.planet_star_id_seq
    AS integer
    START WITH 1
    INCREMENT BY 1
    NO MINVALUE
    NO MAXVALUE
    CACHE 1;


ALTER TABLE public.planet_star_id_seq OWNER TO freecodecamp;

--
-- Name: planet_star_id_seq; Type: SEQUENCE OWNED BY; Schema: public; Owner: freecodecamp
--

ALTER SEQUENCE public.planet_star_id_seq OWNED BY public.planet.star_id;


--
-- Name: star; Type: TABLE; Schema: public; Owner: freecodecamp
--

CREATE TABLE public.star (
    star_id integer NOT NULL,
    name character varying(30) NOT NULL,
    galaxy_id integer NOT NULL,
    spectral_type character varying(5),
    luminosity numeric(10,3)
);


ALTER TABLE public.star OWNER TO freecodecamp;

--
-- Name: star_galaxy_id_seq; Type: SEQUENCE; Schema: public; Owner: freecodecamp
--

CREATE SEQUENCE public.star_galaxy_id_seq
    AS integer
    START WITH 1
    INCREMENT BY 1
    NO MINVALUE
    NO MAXVALUE
    CACHE 1;


ALTER TABLE public.star_galaxy_id_seq OWNER TO freecodecamp;

--
-- Name: star_galaxy_id_seq; Type: SEQUENCE OWNED BY; Schema: public; Owner: freecodecamp
--

ALTER SEQUENCE public.star_galaxy_id_seq OWNED BY public.star.galaxy_id;


--
-- Name: star_star_id_seq; Type: SEQUENCE; Schema: public; Owner: freecodecamp
--

CREATE SEQUENCE public.star_star_id_seq
    AS integer
    START WITH 1
    INCREMENT BY 1
    NO MINVALUE
    NO MAXVALUE
    CACHE 1;


ALTER TABLE public.star_star_id_seq OWNER TO freecodecamp;

--
-- Name: star_star_id_seq; Type: SEQUENCE OWNED BY; Schema: public; Owner: freecodecamp
--

ALTER SEQUENCE public.star_star_id_seq OWNED BY public.star.star_id;


--
-- Name: constellation constellation_id; Type: DEFAULT; Schema: public; Owner: freecodecamp
--

ALTER TABLE ONLY public.constellation ALTER COLUMN constellation_id SET DEFAULT nextval('public.constellation_constellation_id_seq'::regclass);


--
-- Name: galaxy galaxy_id; Type: DEFAULT; Schema: public; Owner: freecodecamp
--

ALTER TABLE ONLY public.galaxy ALTER COLUMN galaxy_id SET DEFAULT nextval('public.galaxy_galaxy_id_seq'::regclass);


--
-- Name: moon moon_id; Type: DEFAULT; Schema: public; Owner: freecodecamp
--

ALTER TABLE ONLY public.moon ALTER COLUMN moon_id SET DEFAULT nextval('public.moon_moon_id_seq'::regclass);


--
-- Name: moon planet_id; Type: DEFAULT; Schema: public; Owner: freecodecamp
--

ALTER TABLE ONLY public.moon ALTER COLUMN planet_id SET DEFAULT nextval('public.moon_planet_id_seq'::regclass);


--
-- Name: planet planet_id; Type: DEFAULT; Schema: public; Owner: freecodecamp
--

ALTER TABLE ONLY public.planet ALTER COLUMN planet_id SET DEFAULT nextval('public.planet_planet_id_seq'::regclass);


--
-- Name: planet star_id; Type: DEFAULT; Schema: public; Owner: freecodecamp
--

ALTER TABLE ONLY public.planet ALTER COLUMN star_id SET DEFAULT nextval('public.planet_star_id_seq'::regclass);


--
-- Name: star star_id; Type: DEFAULT; Schema: public; Owner: freecodecamp
--

ALTER TABLE ONLY public.star ALTER COLUMN star_id SET DEFAULT nextval('public.star_star_id_seq'::regclass);


--
-- Name: star galaxy_id; Type: DEFAULT; Schema: public; Owner: freecodecamp
--

ALTER TABLE ONLY public.star ALTER COLUMN galaxy_id SET DEFAULT nextval('public.star_galaxy_id_seq'::regclass);


--
-- Data for Name: constellation; Type: TABLE DATA; Schema: public; Owner: freecodecamp
--

INSERT INTO public.constellation VALUES (1, 'Orion', 'Ori');
INSERT INTO public.constellation VALUES (2, 'Ursa Major', 'UMa');
INSERT INTO public.constellation VALUES (3, 'Scorpius', 'Sco');
INSERT INTO public.constellation VALUES (4, 'Leo', 'Leo');
INSERT INTO public.constellation VALUES (5, 'Cassiopeia', 'Cas');
INSERT INTO public.constellation VALUES (6, 'Sagittarius', 'Sgr');
INSERT INTO public.constellation VALUES (7, 'Lyra', 'Lyr');
INSERT INTO public.constellation VALUES (8, 'Andromeda', 'And');
INSERT INTO public.constellation VALUES (9, 'Cygnus', 'Cyg');
INSERT INTO public.constellation VALUES (10, 'Aquarius', 'Aqr');


--
-- Data for Name: galaxy; Type: TABLE DATA; Schema: public; Owner: freecodecamp
--

INSERT INTO public.galaxy VALUES (2, 'Milky Way', 'The Milky Way is a barred spiral galaxy that contains our solar system.', NULL, NULL, NULL);
INSERT INTO public.galaxy VALUES (3, 'Andromeda', 'Andromeda is a spiral galaxy approximately 2.537 million light-years from Earth. It is the nearest major galaxy to the Milky Way.', NULL, NULL, NULL);
INSERT INTO public.galaxy VALUES (4, 'Triangulum', 'The Triangulum Galaxy is a spiral galaxy approximately 3 million light-years from Earth in the constellation Triangulum.', NULL, NULL, NULL);
INSERT INTO public.galaxy VALUES (5, 'Messier 87', 'Messier 87 is a supergiant elliptical galaxy in the Virgo Cluster with a massive central black hole.', NULL, NULL, NULL);
INSERT INTO public.galaxy VALUES (6, 'Whirlpool Galaxy', 'The Whirlpool Galaxy, also known as Messier 51a, is an interacting grand-design spiral galaxy with a smaller companion galaxy.', NULL, NULL, NULL);
INSERT INTO public.galaxy VALUES (7, 'Sombrero Galaxy', 'The Sombrero Galaxy is an unbarred spiral galaxy in the constellation Virgo. It has a bright nucleus and a prominent dust lane.', NULL, NULL, NULL);
INSERT INTO public.galaxy VALUES (8, 'Pinwheel Galaxy', 'The Pinwheel Galaxy, also known as Messier 101, is a face-on spiral galaxy located 21 million light-years away in the constellation Ursa Major.', NULL, NULL, NULL);


--
-- Data for Name: moon; Type: TABLE DATA; Schema: public; Owner: freecodecamp
--

INSERT INTO public.moon VALUES (1, 'Moon', 3, NULL, NULL);
INSERT INTO public.moon VALUES (2, 'Phobos', 4, NULL, NULL);
INSERT INTO public.moon VALUES (3, 'Deimos', 4, NULL, NULL);
INSERT INTO public.moon VALUES (4, 'Io', 5, NULL, NULL);
INSERT INTO public.moon VALUES (5, 'Europa', 5, NULL, NULL);
INSERT INTO public.moon VALUES (6, 'Ganymede', 5, NULL, NULL);
INSERT INTO public.moon VALUES (7, 'Callisto', 5, NULL, NULL);
INSERT INTO public.moon VALUES (8, 'Titan', 6, NULL, NULL);
INSERT INTO public.moon VALUES (9, 'Rhea', 6, NULL, NULL);
INSERT INTO public.moon VALUES (10, 'Iapetus', 6, NULL, NULL);
INSERT INTO public.moon VALUES (11, 'Dione', 6, NULL, NULL);
INSERT INTO public.moon VALUES (12, 'Tethys', 6, NULL, NULL);
INSERT INTO public.moon VALUES (13, 'Oberon', 7, NULL, NULL);
INSERT INTO public.moon VALUES (14, 'Titania', 7, NULL, NULL);
INSERT INTO public.moon VALUES (15, 'Miranda', 7, NULL, NULL);
INSERT INTO public.moon VALUES (16, 'Ariel', 7, NULL, NULL);
INSERT INTO public.moon VALUES (17, 'Triton', 8, NULL, NULL);
INSERT INTO public.moon VALUES (18, 'Nereid', 8, NULL, NULL);
INSERT INTO public.moon VALUES (19, 'Charon', 9, NULL, NULL);
INSERT INTO public.moon VALUES (20, 'Hydra', 9, NULL, NULL);


--
-- Data for Name: planet; Type: TABLE DATA; Schema: public; Owner: freecodecamp
--

INSERT INTO public.planet VALUES (1, 'Mercury', 0, 1, 4879.00, false);
INSERT INTO public.planet VALUES (2, 'Venus', 0, 1, 12104.00, false);
INSERT INTO public.planet VALUES (3, 'Earth', 1, 1, 12742.00, false);
INSERT INTO public.planet VALUES (4, 'Mars', 2, 1, 6779.00, false);
INSERT INTO public.planet VALUES (5, 'Jupiter', 79, 1, 139820.00, false);
INSERT INTO public.planet VALUES (6, 'Saturn', 82, 1, 116460.00, false);
INSERT INTO public.planet VALUES (7, 'Uranus', 27, 1, 50724.00, false);
INSERT INTO public.planet VALUES (8, 'Neptune', 14, 1, 49244.00, false);
INSERT INTO public.planet VALUES (9, 'Proxima b', 0, 2, 12000.00, false);
INSERT INTO public.planet VALUES (10, 'Sirius b', 0, 3, 11900.00, false);
INSERT INTO public.planet VALUES (11, 'Alpha Centauri Bb', 0, 4, 13000.00, false);
INSERT INTO public.planet VALUES (12, 'Betelgeuse b', 0, 5, 14000.00, false);


--
-- Data for Name: star; Type: TABLE DATA; Schema: public; Owner: freecodecamp
--

INSERT INTO public.star VALUES (1, 'Sun', 2, NULL, NULL);
INSERT INTO public.star VALUES (2, 'Proxima Centauri', 2, NULL, NULL);
INSERT INTO public.star VALUES (3, 'Sirius', 2, NULL, NULL);
INSERT INTO public.star VALUES (4, 'Alpha Centauri A', 2, NULL, NULL);
INSERT INTO public.star VALUES (5, 'Betelgeuse', 2, NULL, NULL);
INSERT INTO public.star VALUES (6, 'Rigel', 2, NULL, NULL);


--
-- Name: constellation_constellation_id_seq; Type: SEQUENCE SET; Schema: public; Owner: freecodecamp
--

SELECT pg_catalog.setval('public.constellation_constellation_id_seq', 10, true);


--
-- Name: galaxy_galaxy_id_seq; Type: SEQUENCE SET; Schema: public; Owner: freecodecamp
--

SELECT pg_catalog.setval('public.galaxy_galaxy_id_seq', 8, true);


--
-- Name: moon_moon_id_seq; Type: SEQUENCE SET; Schema: public; Owner: freecodecamp
--

SELECT pg_catalog.setval('public.moon_moon_id_seq', 20, true);


--
-- Name: moon_planet_id_seq; Type: SEQUENCE SET; Schema: public; Owner: freecodecamp
--

SELECT pg_catalog.setval('public.moon_planet_id_seq', 1, false);


--
-- Name: planet_planet_id_seq; Type: SEQUENCE SET; Schema: public; Owner: freecodecamp
--

SELECT pg_catalog.setval('public.planet_planet_id_seq', 12, true);


--
-- Name: planet_star_id_seq; Type: SEQUENCE SET; Schema: public; Owner: freecodecamp
--

SELECT pg_catalog.setval('public.planet_star_id_seq', 1, false);


--
-- Name: star_galaxy_id_seq; Type: SEQUENCE SET; Schema: public; Owner: freecodecamp
--

SELECT pg_catalog.setval('public.star_galaxy_id_seq', 1, false);


--
-- Name: star_star_id_seq; Type: SEQUENCE SET; Schema: public; Owner: freecodecamp
--

SELECT pg_catalog.setval('public.star_star_id_seq', 6, true);


--
-- Name: constellation constellation_name_key; Type: CONSTRAINT; Schema: public; Owner: freecodecamp
--

ALTER TABLE ONLY public.constellation
    ADD CONSTRAINT constellation_name_key UNIQUE (name);


--
-- Name: constellation constellation_pkey; Type: CONSTRAINT; Schema: public; Owner: freecodecamp
--

ALTER TABLE ONLY public.constellation
    ADD CONSTRAINT constellation_pkey PRIMARY KEY (constellation_id);


--
-- Name: galaxy galaxy_name_key; Type: CONSTRAINT; Schema: public; Owner: freecodecamp
--

ALTER TABLE ONLY public.galaxy
    ADD CONSTRAINT galaxy_name_key UNIQUE (name);


--
-- Name: galaxy galaxy_pkey; Type: CONSTRAINT; Schema: public; Owner: freecodecamp
--

ALTER TABLE ONLY public.galaxy
    ADD CONSTRAINT galaxy_pkey PRIMARY KEY (galaxy_id);


--
-- Name: moon moon_name_key; Type: CONSTRAINT; Schema: public; Owner: freecodecamp
--

ALTER TABLE ONLY public.moon
    ADD CONSTRAINT moon_name_key UNIQUE (name);


--
-- Name: moon moon_pkey; Type: CONSTRAINT; Schema: public; Owner: freecodecamp
--

ALTER TABLE ONLY public.moon
    ADD CONSTRAINT moon_pkey PRIMARY KEY (moon_id);


--
-- Name: planet planet_name_key; Type: CONSTRAINT; Schema: public; Owner: freecodecamp
--

ALTER TABLE ONLY public.planet
    ADD CONSTRAINT planet_name_key UNIQUE (name);


--
-- Name: planet planet_pkey; Type: CONSTRAINT; Schema: public; Owner: freecodecamp
--

ALTER TABLE ONLY public.planet
    ADD CONSTRAINT planet_pkey PRIMARY KEY (planet_id);


--
-- Name: star star_name_key; Type: CONSTRAINT; Schema: public; Owner: freecodecamp
--

ALTER TABLE ONLY public.star
    ADD CONSTRAINT star_name_key UNIQUE (name);


--
-- Name: star star_pkey; Type: CONSTRAINT; Schema: public; Owner: freecodecamp
--

ALTER TABLE ONLY public.star
    ADD CONSTRAINT star_pkey PRIMARY KEY (star_id);


--
-- Name: moon moon_planet_id_fkey; Type: FK CONSTRAINT; Schema: public; Owner: freecodecamp
--

ALTER TABLE ONLY public.moon
    ADD CONSTRAINT moon_planet_id_fkey FOREIGN KEY (planet_id) REFERENCES public.planet(planet_id);


--
-- Name: planet planet_star_id_fkey; Type: FK CONSTRAINT; Schema: public; Owner: freecodecamp
--

ALTER TABLE ONLY public.planet
    ADD CONSTRAINT planet_star_id_fkey FOREIGN KEY (star_id) REFERENCES public.star(star_id);


--
-- Name: star star_galaxy_id_fkey; Type: FK CONSTRAINT; Schema: public; Owner: freecodecamp
--

ALTER TABLE ONLY public.star
    ADD CONSTRAINT star_galaxy_id_fkey FOREIGN KEY (galaxy_id) REFERENCES public.galaxy(galaxy_id);


--
-- PostgreSQL database dump complete
--

